{
  "If_values": [
    0.6,
    0.625,
    0.65,
    0.675,
    0.7
  ],
  "Ua_values": [
    0.16,
    0.25,
    0.36,
    0.49,
    0.64,
    0.81,
    1.0
  ],
  "T": [
    1758.0,
    1793.75,
    1829.5,
    1865.25,
    1901.0
  ],
  "lg_I": [
    1.7092874137402467,
    1.9798380805091307,
    2.2398642547273084,
    2.4681747113913457,
    2.6699680580738447
  ],
  "lg_I_over_T2": [
    -4.780750327735259,
    -4.527685747647004,
    -4.284800572917944,
    -4.073299385931927,
    -3.8879961756570416
  ],
  "inv_T": [
    0.0005688282138794084,
    0.0005574912891986063,
    0.0005465974309920743,
    0.0005361211633829246,
    0.0005260389268805891
  ],
  "slope_rich": -20962.855254861053,
  "intercept_rich": 7.156098312422444,
  "r_rich": -0.9991706350304037,
  "phi_eV": 4.159479739704541,
  "AS": 14325121.442402508,
  "Ia_data": [
    [
      59,
      62,
      66,
      69,
      68,
      72,
      76
    ],
    [
      110,
      117,
      125,
      127,
      131,
      137,
      142
    ],
    [
      199,
      211,
      221,
      230,
      238,
      244,
      252
    ],
    [
      336,
      365,
      383,
      399,
      410,
      423,
      437
    ],
    [
      544,
      603,
      637,
      670,
      693,
      719,
      736
    ]
  ],
  "sqrt_Ua": [
    0.4,
    0.5,
    0.6,
    0.7,
    0.8,
    0.9,
    1.0
  ],
  "lg_Ia": [
    [
      1.7708520116421442,
      1.792391689498254,
      1.8195439355418688,
      1.8388490907372552,
      1.8325089127062364,
      1.8573324964312685,
      1.8808135922807914
    ],
    [
      2.041392685158225,
      2.0681858617461617,
      2.0969100130080562,
      2.103803720955957,
      2.1172712956557644,
      2.1367205671564067,
      2.1522883443830563
    ],
    [
      2.298853076409707,
      2.3242824552976926,
      2.3443922736851106,
      2.361727836017593,
      2.376576957056512,
      2.387389826338729,
      2.401400540781544
    ],
    [
      2.526339277389844,
      2.5622928644564746,
      2.583198773968623,
      2.6009728956867484,
      2.6127838567197355,
      2.6263403673750423,
      2.640481436970422
    ],
    [
      2.73559889969818,
      2.780317312140151,
      2.8041394323353503,
      2.8260748027008264,
      2.8407332346118066,
      2.8567288903828825,
      2.866877814337499
    ]
  ],
  "intercepts": [
    1.7092874137402467,
    1.9798380805091307,
    2.2398642547273084,
    2.4681747113913457,
    2.6699680580738447
  ],
  "slopes": [
    0.1688326189094065,
    0.17504202540810437,
    0.1664435066317809,
    0.1786094883321362,
    0.20830489381424133
  ],
  "r_values": [
    0.9752730268857395,
    0.9866693176942812,
    0.9903868522811698,
    0.9798572349455833,
    0.9727928010836306
  ]
}